"post_title","post_name","ID","post_excerpt","post_content","post_status","menu_order","post_date","post_author","comment_status","sku","downloadable","virtual","stock","regular_price","sale_price","weight","length","width","height","tax_class","visibility","stock_status","backorders","manage_stock","tax_status","upsell_ids","crosssell_ids","featured","sale_price_dates_from","sale_price_dates_to","download_limit","download_expiry","product_url","button_text","sold_individually","low_stock_amount","purchase_note","images","downloadable_files","tax:product_type","tax:product_visibility","tax:product_cat","tax:product_tag","tax:product_shipping_class","attribute:Size","attribute_data:Size","attribute_default:Size","attribute:Size/Unit of Measument","attribute_data:Size/Unit of Measument","attribute_default:Size/Unit of Measument","attribute:pa_color","attribute_data:pa_color","attribute_default:pa_color","attribute:pa_size","attribute_data:pa_size","attribute_default:pa_size"
"Indian Hemp & Rosemary Pomade","indian-hemp-rosemary-pomade","237","Indian Hemp &amp; Rosemary Pomade

3.5 Oz

&nbsp;","","publish","0","2020-09-11 18:41:00","1","open","M-P244","no","no","40","6.45","","3.5","","","","","visible","instock","no","yes","taxable","","","no","","","-1","-1","","","no","","","https://lvcultural.com/wp-content/uploads/2020/09/0040426_indian-hemp-rosemary-hair-pomade_4ec48ae3-4984-4475-b026-f35e2e3c8214_1024x1024.jpg","","simple","","Hair Care","","","","","","3.5 oz","0|1|0","","","","","","",""
"Super-Gro Hair Gel","super-gro-hair-gel","238","Super-Gro Hair Gel

4 Oz","","publish","0","2020-09-11 18:43:00","1","open","M-P309","no","no","30","7.99","","4","","","","","visible","instock","no","yes","taxable","","","no","","","-1","-1","","","no","","","https://lvcultural.com/wp-content/uploads/2020/09/M-P309_supergrow-hair-gel-extra-hold-4-oz.jpg","","simple","","Hair Care","","","","","","4 oz","0|1|0","","","","","","",""
"Vitamin E Hair Food","vitamin-e-hair-food","239","Vitamin E Hair Food 7oz","","publish","0","2020-09-11 18:45:00","1","open","M-P442","no","no","30","11.5","","7","","","","","visible","instock","no","yes","taxable","","","no","","","-1","-1","","","no","","","https://lvcultural.com/wp-content/uploads/2020/09/M-P442_vitamin-e-hair-food-7-oz.jpeg","","simple","","Hair Care","","","","","","7oz","0|1|0","","","","","","",""
"Organic Coconut Oil Hair Pomade","organic-cocnut-oil-hair-pomade","240","Organic Coconut Oil Hair Pomade

5.5 Oz","","publish","0","2020-09-11 18:49:00","1","open","M-P394","no","no","12","9.99","","5.5","","","","","visible","instock","no","yes","taxable","","","no","","","-1","-1","","","no","","","https://lvcultural.com/wp-content/uploads/2020/09/M-P394_organic-coconut-oil-hair-pomade-55-oz.jpg","","simple","","Hair Care","","","","","","5.5 oz","0|1|0","","","","","","",""
"CheBe Powder","chebe-powder-2","241","<table width=""231"">
<tbody>
<tr>
<td width=""231"">CheBe Powder 1 Oz</td>
</tr>
</tbody>
</table>
&nbsp;","","publish","0","2020-09-11 18:50:00","1","open","M-P466","no","no","20","16","","1","","","","","visible","instock","no","yes","taxable","","","no","","","-1","-1","","","no","","","https://lvcultural.com/wp-content/uploads/2020/09/M-P466_chebe-powder-1-oz-28-grams.jpeg","","simple","","Hair Care","","","","","","1 oz","0|1|0","","","","","","",""
"Chebe Oil Hair Strengthener","chebe-oil-hair-strengthener","242","<table style=""height: 58px;"" width=""272"">
<tbody>
<tr>
<td width=""231"">Chebe Oil Hair Strengthener - 2 Oz</td>
</tr>
</tbody>
</table>","","publish","0","2020-09-11 18:52:00","1","open","M-P467","no","no","19","8.99","","2","","","","","visible","instock","no","yes","taxable","","","no","","","-1","-1","","","no","","","https://lvcultural.com/wp-content/uploads/2020/09/M-P467_chebe-oil-hair-strengthener-2-oz.jpeg","","simple","","Hair Care","","","","","","2oz","0|1|0","","","","","","",""
"Hair Grow & Root Build Conditioner","hair-grow-root-build-conditioner","243","<table style=""height: 46px;"" width=""321"">
<tbody>
<tr>
<td width=""231"">Hair Grow &amp; Root Build Conditioner 4.5 Oz</td>
</tr>
</tbody>
</table>","","publish","0","2020-09-11 18:53:00","1","open","M-P122","no","no","15","7.95","","4.5","","","","","visible","instock","no","yes","taxable","","","no","","","-1","-1","","","no","","","https://lvcultural.com/wp-content/uploads/2020/09/M-P122_hair-grow-root-build-conditioner.jpg","","simple","","Hair Care","","","","","","4.5oz","0|1|0","","","","","","",""
"Superior Locking Gel","superior-locking-gel","244","<table style=""height: 58px;"" width=""272"">
<tbody>
<tr>
<td width=""231"">Superior Locking Gel 8 Oz</td>
</tr>
</tbody>
</table>","","publish","0","2020-09-11 18:55:00","1","open","M-P147","no","no","45","9.99","","8","","","","","visible","instock","no","yes","taxable","","","no","","","-1","-1","","","no","","","https://lvcultural.com/wp-content/uploads/2020/09/M-P147superior-locking-gel-8-oz.jpg","","simple","","Hair Care","","","","","","8 oz","0|1|0","","","","","","",""
"Indian Hemp Hair Pomade","indian-hemp-hair-pomade","245","<table style=""height: 66px;"" width=""300"">
<tbody>
<tr>
<td width=""231"">Indian Hemp Hair Pomade 5.5 Oz</td>
</tr>
</tbody>
</table>","","publish","0","2020-09-11 18:56:00","1","open","M-P180","no","no","25","7.99","","5.5","","","","","visible","instock","no","yes","taxable","","","no","","","-1","-1","","","no","","","https://lvcultural.com/wp-content/uploads/2020/09/M-P180_indian-hemp-hair-pomade.jpg","","simple","","Hair Care","","","","","","5.5 oz","0|1|0","","","","","","",""
"Black Jamaican Castor Oil Conditioner","black-jamaican-castor-oil-conditioner","246","<table width=""300"">
<tbody>
<tr>
<td width=""300"">Black Jamaican Castor Oil Conditioner
<table width=""185"">
<tbody>
<tr>
<td width=""185"">8oz</td>
</tr>
</tbody>
</table>
</td>
</tr>
</tbody>
</table>","","publish","0","2020-09-11 18:59:00","1","open","M-P353","no","no","14","8","","8","","","","","visible","instock","no","yes","taxable","","","no","","","-1","-1","","","no","","","https://lvcultural.com/wp-content/uploads/2020/09/M-P353_black-jamaican-castor-conditioner-8-oz.jpg","","simple","","Hair Care","","","","","","8oz","0|1|0","","","","","","",""
"Black Jamaican Castor Oil Shampoo","black-jamaican-castor-oil-shampoo","247","<table style=""height: 58px;"" width=""320"">
<tbody>
<tr>
<td width=""320"">Black Jamaican Castor Oil Shampoo 8 Oz</td>
</tr>
</tbody>
</table>","","publish","0","2020-09-11 19:01:00","1","open","M-P349","no","no","16","8","","8","","","","","visible","instock","no","yes","taxable","","","no","","","-1","-1","","","no","","","https://lvcultural.com/wp-content/uploads/2020/09/M-P349_black-jamaican-castor-oil-shampoo-8-oz.jpg","","simple","","Hair Care","","","","","","8oz","0|1|0","","","","","","",""
"African Shea Butter Shampoo/Cond","african-shea-butter-shampoo-cond","248","<table style=""height: 58px;"" width=""320"">
<tbody>
<tr>
<td width=""320"">African Shea Butter Shampoo/Cond 12 Oz</td>
</tr>
</tbody>
</table>","","publish","0","2020-09-11 19:04:00","1","open","M-P233","no","no","18","8","","12","","","","","visible","instock","no","yes","taxable","","","no","","","-1","-1","","","no","","","https://lvcultural.com/wp-content/uploads/2020/09/M-P233.jpg","","simple","","Hair Care","","","","","","12oz","1|1|0","","","","","","",""
"Glycerin Hair Repair","glycerin-hair-repair","249","<table width=""231"">
<tbody>
<tr>
<td width=""231"">Glycerin Hair Repair 8.5 Oz</td>
</tr>
</tbody>
</table>","","publish","0","2020-09-11 19:05:00","1","open","M-411","no","no","34","10.99","","8.5","","","","","visible","instock","no","yes","taxable","","","no","","","-1","-1","","","no","","","https://lvcultural.com/wp-content/uploads/2020/09/M-411_glycerin-hair-repair-8-oz.jpg","","simple","","Hair Care","","","","","","8.5oz","0|1|0","","","","","","",""
"Beard Oil","beard-oil","250","<table width=""231"">
<tbody>
<tr>
<td width=""231"">Beard Oil 2 Oz</td>
</tr>
</tbody>
</table>","","publish","0","2020-09-11 19:06:00","1","open","M-P496","no","no","15","13.99","","2","","","","","visible","instock","no","yes","taxable","","","no","","","-1","-1","","","no","","","https://lvcultural.com/wp-content/uploads/2020/09/M-P496_beard-oil-2-oz.jpg","","simple","","Hair Care","","","","","","2oz","0|1|0","","","","","","",""
"Original Mango & Lime Black Castor Oil","original-mango-lime-black-castor-oil","251","<table width=""340"">
<tbody>
<tr>
<td width=""340"">Original Mango &amp; Lime Black Castor Oil 4 Oz</td>
</tr>
</tbody>
</table>","","publish","0","2020-09-11 19:07:00","1","open","M-P293","no","no","25","16.99","","4","","","","","visible","instock","no","yes","taxable","","","no","","","-1","-1","","","no","","","https://lvcultural.com/wp-content/uploads/2020/09/Original-Mango-Lime-Black-Castor-Oil.png","","simple","","Hair Care","","","","","","4 oz","0|1|0","","","","","","",""
"Chebe Paste","chebe-paste","252","Chebe Paste 4 Oz","","publish","0","2020-09-11 19:08:00","1","open","M-P411","no","no","18","18","","4","","","","","visible","instock","no","yes","taxable","","","no","","","-1","-1","","","no","","","https://lvcultural.com/wp-content/uploads/2020/09/M-P411_chebe-paste-4-oz.jpeg","","simple","","Hair Care","","","","","","4oz","0|1|0","","","","","","",""
"Chebe Olive Oil","chebe-olive-oil","253","Chebe Olive Oil
4oz","","publish","0","2020-09-11 19:10:00","1","open","M-P416","no","no","25","19.99","","4","","","","","visible","instock","no","yes","taxable","","","no","","","-1","-1","","","no","","","https://lvcultural.com/wp-content/uploads/2020/09/M-P416_chebe-olive-oil-4-oz.jpg","","simple","","Hair Care","","","","","","4oz","0|1|0","","","","","","",""
"Dead Sea Salt: Egyptian Musk","dead-sea-salt-egyptian-musk","254","<table width=""480"">
<tbody>
<tr>
<td width=""64"">M-153</td>
<td width=""231"">Dead Sea Salt: Egyptian Musk</td>
<td width=""185"">4oz</td>
</tr>
</tbody>
</table>","","publish","0","2020-09-11 19:13:00","1","open","M-153","no","no","17","8.5","","4","","","","","visible","instock","no","yes","taxable","","","no","","","-1","-1","","","no","","","https://lvcultural.com/wp-content/uploads/2020/09/M-153-_scented-sea-salt-4-oz.jpg","","simple","","Skin Care","","","","","","4oz","0|1|0","","","","","","",""
"Amonche Shea Butter Cream","amonche-shea-butter-cream","255","<table width=""480"">
<tbody>
<tr>
<td width=""64"">M-P174</td>
<td width=""231"">Amonche Shea Butter Cream</td>
<td width=""185"">4oz</td>
</tr>
</tbody>
</table>","","publish","0","2020-09-11 19:14:00","1","open","M-P174","no","no","18","7.99","","4","","","","","visible","instock","no","yes","taxable","","","no","","","-1","-1","","","no","","","https://lvcultural.com/wp-content/uploads/2020/09/0006617_0006617_0_92c69ee3-fd6c-4430-92e3-0253692b75ca_1024x1024.jpg","","simple","","Skin Care","","","4oz","0|1|0","","","","","","","","","",""
"Aztec Secret Indian Healing Clay","aztec-secret-indian-healing-clay","256","<table width=""480"">
<tbody>
<tr>
<td width=""64"">M-P406</td>
<td width=""231"">Aztec Secret Indian Healing Clay</td>
<td width=""185"">1lb</td>
</tr>
</tbody>
</table>","","publish","0","2020-09-11 19:14:00","1","open","M-P406","no","no","12","15.99","","1","","","","","visible","instock","no","yes","taxable","","","no","","","-1","-1","","","no","","","https://lvcultural.com/wp-content/uploads/2020/09/M-P406_aztec-secret-indian-healing-clay-1-lb.jpeg","","simple","","Skin Care","","","","","","1lb","0|1|0","","","","","","",""
"Deep Moisture Cream","deep-moisture-cream","257","<table width=""480"">
<tbody>
<tr>
<td width=""64"">M-E008</td>
<td width=""231"">Deep Moisture Cream</td>
<td width=""185"">4oz</td>
</tr>
</tbody>
</table>","","publish","0","2020-09-11 19:15:00","1","open","M-E008","no","no","26","7.95","","4","","","","","visible","instock","no","yes","taxable","","","no","","","-1","-1","","","no","","","https://lvcultural.com/wp-content/uploads/2020/09/0006338_essentials-deep-moisture-cream-4-oz.jpg","","simple","","Skin Care","","","","","","4oz","0|1|0","","","","","","",""
"Dead Sea Clay","dead-sea-clay","258","<table width=""480"">
<tbody>
<tr>
<td width=""64"">M-P266</td>
<td width=""231"">Dead Sea Clay</td>
<td width=""185"">4oz</td>
</tr>
</tbody>
</table>","","publish","0","2020-09-11 19:17:00","1","open","M-P266","no","no","25","8","","4","","","","","visible","instock","no","yes","taxable","","","no","","","-1","-1","","","no","","","https://lvcultural.com/wp-content/uploads/2020/09/M-P266_0006676_0.jpg","","simple","","Skin Care","","","","","","4oz","0|1|0","","","","","","",""
"Sore Muscle Freeze","sore-muscle-freeze","259","<table width=""480"">
<tbody>
<tr>
<td width=""64"">M_E018</td>
<td width=""231"">Sore Muscle Freeze</td>
<td width=""185"">8oz</td>
</tr>
</tbody>
</table>","","publish","0","2020-09-11 19:17:00","1","open","M_E018","no","no","19","18","","8","","","","","visible","instock","no","yes","taxable","","","no","","","-1","-1","","","no","","","https://lvcultural.com/wp-content/uploads/2020/09/M_E018_essentials-sore-muscle-freeze-8-oz.jpeg","","simple","","Skin Care","","","","","","8oz","0|1|0","","","","","","",""
"Egyptian Musk Black Soap","egyptian-musk-black-soap-2","266","Egyptian Black Musk Soap 4.5 Oz","","publish","0","2020-09-11 19:24:00","1","open","M-S401","no","no","19","4.5","","4.5","","","","","visible","instock","no","yes","taxable","","","no","","","-1","-1","","","no","","","https://lvcultural.com/wp-content/uploads/2020/09/0014049_egyptian-musk-black-soap-4-oz.jpeg","","simple","","Soaps","","","","","","","","","","","","","",""
"Activated Charcoal Soap","activated-charcoal-soap","267","Activated Charcoal Soap 3.5 Oz","","publish","0","2020-09-11 19:24:00","1","open","M-S229","no","no","15","4.5","","3.5","","","","","visible","instock","no","yes","taxable","","","no","","","-1","-1","","","no","","","https://lvcultural.com/wp-content/uploads/2020/09/0006877_0006877_0.jpg","","simple","","Soaps","","","","","","","","","","","","","",""
"Herbal 7Plus","herbal-7plus","278","","","publish","0","2020-09-11 19:24:00","1","open","M-P526","no","no","12","5.5","","6.5","","","","","visible","instock","no","yes","taxable","","","no","","","-1","-1","","","no","","","https://lvcultural.com/wp-content/uploads/2020/09/IMG_6634-smaller.jpg","","simple","","Toothpaste","","","","","","","","","","","","","",""
"Traditonal Elastic Dashiki","traditonal-elastic-dashiki","315","","","publish","0","2020-09-11 19:24:00","1","open","C-WS851","no","no","7","25","","32","","","","","visible","instock","no","yes","taxable","","","no","","","-1","-1","","","no","","","https://lvcultural.com/wp-content/uploads/2020/09/0004753_traditional-elastic-dashiki.jpg","","variable","featured","Clothing","","","","","","","","","Lime|Pink|Purple|Red|Yellow","0|1|1","","","",""
"Animal Wrap Skirt (Black & White)","animal-wrap-skirt","321","","","publish","0","2020-09-11 19:24:00","1","open","C-WS714","no","no","19","20","","32","","","","","visible","instock","no","yes","taxable","","","no","","","-1","-1","","","no","","","https://lvcultural.com/wp-content/uploads/2020/09/0004235_animal-wrap-skirt-black-white-1.jpg","","simple","","Clothing","","","","","","","","","","","","","",""
"Traditonal Dashiki","traditonal-dashiki","322","","","publish","0","2020-09-11 19:24:00","1","open","C-U918","no","no","15","20","","32","","","","","visible","instock","no","yes","taxable","","","no","","","-1","-1","","","no","","","https://lvcultural.com/wp-content/uploads/2020/09/0035994_traditional-dashiki-sizes_1920.jpeg","","variable","","Clothing","","","","","","","","","Black|Gray","0|1|1","","XL","1|1|1",""
"Black Panther Dashiki","black-panther-dashiki","324","","","publish","0","2020-09-11 19:25:00","1","open","C-M108","no","no","12","39","","32","","","","","visible","instock","no","yes","taxable","","","no","","","-1","-1","","","no","","","https://lvcultural.com/wp-content/uploads/2020/09/0039537_black-panther-dashiki.jpg","","simple","","Clothing","","","","","","","","","","","","","",""
"Traditional Long Sleeve Dashiki","traditional-long-sleeve-dashiki","327","","","publish","0","2020-09-11 19:25:00","1","open","C-U940","no","no","14","25","","32","","","","","visible","instock","no","yes","taxable","","","no","","","-1","-1","","","no","","","https://lvcultural.com/wp-content/uploads/2020/09/0042590_traditional-print-long-sleeve-dashiki.jpeg","","variable","","Clothing","","","","","","","","","Black|Orange|White","0|1|1","","LG|MD|SM","1|1|1",""
"Peppermint Essential Oil","peppermint-essential-oil","339","<table style=""height: 41px;"" width=""557"">
<tbody>
<tr>
<td width=""64"">O-P403-E</td>
<td width=""231"">Peppermint Essential Oil</td>
<td width=""185"">1/3oz</td>
</tr>
</tbody>
</table>","","publish","0","2020-09-11 19:25:00","1","open","O-P403-E","no","no","17","7","","0.33","","","","","visible","instock","no","yes","taxable","","","no","","","-1","-1","","","no","","","https://lvcultural.com/wp-content/uploads/2020/09/0044364_peppermint-essential-oil-13-oz.jpg","","simple","","Essential Oils","","","","","","","","","","","","","",""
"Tea Tree Essential Oil","tea-tree-essential-oil","340","<table style=""height: 41px;"" width=""557"">
<tbody>
<tr>
<td width=""64"">M-262</td>
<td width=""231"">Tea Tree Essential Oil</td>
<td width=""185"">1 oz</td>
</tr>
</tbody>
</table>","","publish","0","2020-09-11 19:25:00","1","open","M-262","no","no","11","14","","1","","","","","visible","instock","no","yes","taxable","","","no","","","-1","-1","","","no","","","https://lvcultural.com/wp-content/uploads/2020/09/0040626_tea-tree-essential-oil-1-oz.jpeg","","simple","","Essential Oils","","","","","","","","","","","","","",""
"Shea Butter Black Soap","shea-butter-black-soap-2","375","<table width=""480"">
<tbody>
<tr>
<td width=""231"">Shea Butter Black Soap</td>
<td width=""185"">5oz</td>
</tr>
</tbody>
</table>","","publish","0","2020-09-12 09:40:00","1","open","M-S463","no","no","10","4.5","","5","","","","","visible","instock","no","yes","taxable","","","no","","","-1","-1","","","no","","","https://lvcultural.com/wp-content/uploads/2020/09/M-S461_egyptian-musk-black-soap-5-oz.jpeg","","simple","","Soaps","","","","","","5oz","0|1|0","","","","","","",""
"Black Soap w Cocoa Butter/VitE","black-soap-w-cocoa-butter-vite-2","378","Black Soap w Cocoa Butter/VitE3.5oz","","publish","0","2020-09-12 09:44:00","1","open","M-S201","no","no","18","4.5","","3.5","","","","","visible","instock","no","yes","taxable","","","no","","","-1","-1","","","no","","","https://lvcultural.com/wp-content/uploads/2020/09/0006862_0006862_0.jpg","","simple","","Soaps","","","","","","3.5oz","0|1|0","","","","","","",""
"Shea Butter and Aloe Vera Soap","shea-butter-and-aloe-vera-soap-2","379","<table style=""height: 40px;"" width=""553"">
<tbody>
<tr>
<td width=""64"">M-S202</td>
<td width=""231"">Shea Butter and Aloe Vera Soap</td>
<td width=""185"">3.5oz</td>
</tr>
</tbody>
</table>","","publish","0","2020-09-12 09:45:00","1","open","M-S202","no","no","","4.5","","3.5","","","","","visible","instock","no","no","taxable","","","no","","","-1","-1","","","no","","","https://lvcultural.com/wp-content/uploads/2020/09/0012455_shea-butter-aloe-vera-soap-3-oz.jpeg","","simple","","Soaps","","","","","","3.5oz","0|1|0","","","","","","",""
"Black Seed Soap","black-seed-soap-2","380","<table width=""480"">
<tbody>
<tr>
<td width=""64"">M-S213</td>
<td width=""231"">Black Seed Soap</td>
<td width=""185"">3.5oz</td>
</tr>
</tbody>
</table>","","publish","0","2020-09-12 09:46:00","1","open","M-S213","no","no","11","4.5","","3.5","","","","","visible","instock","no","yes","taxable","","","no","","","-1","-1","","","no","","","https://lvcultural.com/wp-content/uploads/2020/09/0006867_black-seed-soap-3-oz.jpg","","simple","","Soaps","","","","","","3.5oz","0|1|0","","","","","","",""
"Dudu-Osun Black Soap","dudu-osun-black-soap-2","381","<table width=""480"">
<tbody>
<tr>
<td width=""64"">M-S501</td>
<td width=""231"">Dudu-Osun Black Soap</td>
<td width=""185"">5.25oz</td>
</tr>
</tbody>
</table>","","publish","0","2020-09-12 09:47:00","1","open","M-S501","no","no","15","4.5","","5.25","","","","","visible","instock","no","yes","taxable","","","no","","","-1","-1","","","no","","","https://lvcultural.com/wp-content/uploads/2020/09/0006938_dudu-osun-african-black-soap-5-oz.jpg","","simple","","Soaps","","","","","","5.25oz","0|1|0","","","","","","",""
"Shea Butter Soap","shea-butter-soap-2","382","<table width=""480"">
<tbody>
<tr>
<td width=""64"">M-S455</td>
<td width=""231"">Shea Butter Soap</td>
<td width=""185"">5oz</td>
</tr>
</tbody>
</table>","","publish","0","2020-09-12 09:48:00","1","open","M-S455","no","no","20","4.5","","5","","","","","visible","instock","no","yes","taxable","","","no","","","-1","-1","","","no","","","https://lvcultural.com/wp-content/uploads/2020/09/0016035_raw-shea-butter-soap-5-oz.jpg","","simple","","Soaps","","","","","","5oz","0|1|0","","","","","","",""
"Oatmeal and Vit E Soap","oatmeal-and-vit-e-soap-2","383","<table width=""480"">
<tbody>
<tr>
<td width=""64"">M-S414</td>
<td width=""231"">Oatmeal and Vit E Soap</td>
<td width=""185"">4.50oz</td>
</tr>
</tbody>
</table>","","publish","0","2020-09-12 09:49:00","1","open","M-S414","no","no","15","4.5","","4.5","","","","","visible","instock","no","yes","taxable","","","no","","","-1","-1","","","no","","","https://lvcultural.com/wp-content/uploads/2020/09/0012875_oatmeal-vitamin-e-soap-4-oz.jpg","","simple","","Soaps","","","","","","4.50oz","0|1|0","","","","","","",""
"Activated Bamboo Charcoal Soap","activated-bamboo-charcoal-soap-2","384","Activated Bamboo Charcoal Soap
5oz","","publish","0","2020-09-12 09:50:00","1","open","M-S548","no","no","14","4.5","","5","","","","","visible","instock","no","yes","taxable","","","no","","","-1","-1","","","no","","","https://lvcultural.com/wp-content/uploads/2020/09/0023445_activated-bamboo-charcoal-soap-5-oz_600.jpeg","","simple","","Soaps","","","","","","5oz","0|1|0","","","","","","",""
"Honey and Almond Soap","honey-and-almond-soap-2","385","Honey and Almond Soap
4.5oz","","publish","0","2020-09-12 09:54:00","1","open","M-S404","no","no","19","4.5","","4.5","","","","","visible","instock","no","yes","taxable","","","no","","","-1","-1","","","no","","","https://lvcultural.com/wp-content/uploads/2020/09/0012456_honey-almond-soap-4-oz_3d5cedc4-fe93-46f4-9ad1-89101eef72ef_1024x1024.jpg","","simple","","Soaps","","","","","","4.5oz","0|1|0","","","","","","",""
"Strawberry Soap w JoJoba Butter","strawberry-soap-w-jojoba-butter","386","StrawberrySoap w JoJoba Butter
5oz","","publish","0","2020-09-12 09:52:00","1","open","M-S","no","no","17","4.5","","5","","","","","visible","instock","no","yes","taxable","","","no","","","-1","-1","","","no","","","https://lvcultural.com/wp-content/uploads/2020/09/0013058_strawberry-soap-wjojoba-butter-5-oz.jpeg","","simple","","Soaps","","","","","","5oz","0|1|0","","","","","","",""
"Miswak Herbal","miswak-herbal-2","388","<table width=""480"">
<tbody>
<tr>
<td width=""64"">M-P528</td>
<td width=""231"">Miswak Herbal</td>
<td width=""185"">6.5oz</td>
</tr>
</tbody>
</table>","","publish","0","2020-09-12 09:59:00","1","open","M-P528","no","no","12","5.5","","6.5","","","","","visible","instock","no","yes","taxable","","","no","","","-1","-1","","","no","","","https://lvcultural.com/wp-content/uploads/2020/09/0042008_miswak-herbal-toothpaste.jpeg","","simple","","Toothpaste","","","","","","6.5oz","0|1|0","","","","","","",""
"Neem Herbal","neem-herbal","389","<table width=""480"">
<tbody>
<tr>
<td width=""64"">M-P526</td>
<td width=""231"">Neem Herbal</td>
<td width=""185"">6.5oz</td>
</tr>
</tbody>
</table>","","publish","0","2020-09-12 09:57:00","1","open","","no","no","19","5.5","","6.5","","","","","visible","instock","no","yes","taxable","","","no","","","-1","-1","","","no","","","https://lvcultural.com/wp-content/uploads/2020/09/IMG_6571-smaller.jpg","","simple","","Toothpaste","","","","","","6.5oz","0|1|0","","","","","","",""
"Neem Essential","neem-essential-2","390","<table width=""480"">
<tbody>
<tr>
<td width=""64"">M-P354</td>
<td width=""231"">Neem Essential</td>
<td width=""185"">6.5oz</td>
</tr>
</tbody>
</table>","","publish","0","2020-09-12 09:58:00","1","open","M-P354","no","no","17","5.5","","6.5","","","","","visible","instock","no","yes","taxable","","","no","","","-1","-1","","","no","","","https://lvcultural.com/wp-content/uploads/2020/09/0006758_neem-essential-toothpaste.jpg","","simple","","Toothpaste","","","","","","6.5oz","0|1|0","","","","","","",""
"Addict (W) Christian Doir Type","addict-w-christian-doir-type-2","391","<table width=""480"">
<tbody>
<tr>
<td width=""64"">O-A263</td>
<td width=""231"">Addict (W) Christian Doir Type</td>
<td width=""185"">1/3oz</td>
</tr>
</tbody>
</table>","","publish","0","2020-09-12 10:01:00","1","open","O-A263","no","no","16","5","","0.33","","","","","visible","instock","no","yes","taxable","","","no","","","-1","-1","","","no","","","https://lvcultural.com/wp-content/uploads/2020/09/0007202_0007202_0.jpg","","simple","","Scented Oils","","","","","","1/3oz","0|1|0","","","","","","",""
"Burberry:My Burberry Black(W)","burberrymy-burberry-blackw-2","392","<table style=""height: 40px;"" width=""541"">
<tbody>
<tr>
<td width=""64"">O-B053</td>
<td width=""231"">Burberry:My Burberry Black(W)</td>
<td width=""185"">1/3oz</td>
</tr>
</tbody>
</table>","","publish","0","2020-09-12 10:02:00","1","open","O-B053","no","no","12","5","","0.33","","","","","visible","instock","no","yes","taxable","","","no","","","-1","-1","","","no","","","https://lvcultural.com/wp-content/uploads/2020/09/0014610_0014610_0_600.jpg","","simple","","Scented Oils","","","","","","1/3oz","0|1|0","","","","","","",""
"Black (M) Kenneth Cole Type","black-m-kenneth-cole-type-2","393","<table width=""480"">
<tbody>
<tr>
<td width=""64"">O-B303</td>
<td width=""231"">Black (M) Kenneth Cole Type</td>
<td width=""185"">1/3oz</td>
</tr>
</tbody>
</table>","","publish","0","2020-09-12 10:03:00","1","open","O-B303","no","no","10","5","","0.33","","","","","visible","instock","no","yes","taxable","","","no","","","-1","-1","","","no","","","https://lvcultural.com/wp-content/uploads/2020/09/0024777_black-m-kenneth-cole-type-13-oz.jpeg","","simple","","Scented Oils","","","","","","1/3oz","0|1|0","","","","","","",""
"Barack Obama (M)","barack-obama-m-2","394","<table width=""480"">
<tbody>
<tr>
<td width=""64"">O-B473</td>
<td width=""231"">Barack Obama (M)</td>
<td width=""185"">1/3oz</td>
</tr>
</tbody>
</table>","","publish","0","2020-09-12 10:04:00","1","open","O-B473","no","no","11","5","","0.33","","","","","visible","instock","no","yes","taxable","","","no","","","-1","-1","","","no","","","https://lvcultural.com/wp-content/uploads/2020/09/0017252_barack-obama-m-13-oz.jpeg","","simple","","Scented Oils","","","","","","1/3oz","0|1|0","","","","","","",""
"Burberry: Brit (M) Type","burberry-brit-m-type-2","395","<table width=""480"">
<tbody>
<tr>
<td width=""64"">O-B563</td>
<td width=""231"">Burberry: Brit (M) Type</td>
<td width=""185"">1/3oz</td>
</tr>
</tbody>
</table>","","publish","0","2020-09-12 10:05:00","1","open","O-B563","no","no","14","5","","0.33","","","","","visible","instock","no","yes","taxable","","","no","","","-1","-1","","","no","","","https://lvcultural.com/wp-content/uploads/2020/09/0007547_0007547_0.jpg","","simple","","Scented Oils","","","","","","1/3oz","0|1|0","","","","","","",""
"Beyone: Rise (W) Type","beyone-rise-w-type-2","396","<table width=""480"">
<tbody>
<tr>
<td width=""64"">O-B913</td>
<td width=""231"">Beyone: Rise (W) Type</td>
<td width=""185"">1/3oz</td>
</tr>
</tbody>
</table>","","publish","0","2020-09-12 10:07:00","1","open","O-B913","no","no","16","5","","0.33","","","","","visible","instock","no","yes","taxable","","","no","","","-1","-1","","","no","","","https://lvcultural.com/wp-content/uploads/2020/09/0036650_beyonce-rise-w-type-13-oz_600.jpeg","","simple","","Scented Oils","","","","","","1/3oz","0|1|0","","","","","","",""
"Coach (M) Type","coach-m-type-2","397","<table width=""480"">
<tbody>
<tr>
<td width=""64"">O-C023</td>
<td width=""231"">Coach (M) Type</td>
<td width=""185"">1/3oz</td>
</tr>
</tbody>
</table>","","publish","0","2020-09-12 10:08:00","1","open","O-C023","no","no","18","5","","0.33","","","","","visible","instock","no","yes","taxable","","","no","","","-1","-1","","","no","","","https://lvcultural.com/wp-content/uploads/2020/09/0014621_coach-m-type-13-oz.jpg","","simple","","Scented Oils","","","","","","1/3oz","0|1|0","","","","","","",""
"China Musk Unisex","china-musk-unisex-2","398","<table width=""480"">
<tbody>
<tr>
<td width=""64"">O-C133</td>
<td width=""231"">China Musk Unisex</td>
<td width=""185"">1/3oz</td>
</tr>
</tbody>
</table>","","publish","0","2020-09-12 10:08:00","1","open","O-C133","no","no","19","5","","0.33","","","","","visible","instock","no","yes","taxable","","","no","","","-1","-1","","","no","","","https://lvcultural.com/wp-content/uploads/2020/09/0007738_china-musk-unisex-13-oz.jpg","","simple","","Scented Oils","","","","","","1/3oz","0|1|0","","","","","","",""
"Coach (W) Type","coach-w-type-2","399","<table width=""480"">
<tbody>
<tr>
<td width=""64"">O-C443</td>
<td width=""231"">Coach (W) Type</td>
<td width=""185"">1/3oz</td>
</tr>
</tbody>
</table>","","publish","0","2020-09-12 10:09:00","1","open","O-C443","no","no","20","5","","0.33","","","","","visible","instock","no","yes","taxable","","","no","","","-1","-1","","","no","","","https://lvcultural.com/wp-content/uploads/2020/09/0036923_coach-w-type-13-oz.jpeg","","simple","","Scented Oils","","","","","","1/3oz","0|1|0","","","","","","",""
"Issey Miyake (M)","issey-miyake-m-2","400","<table width=""480"">
<tbody>
<tr>
<td width=""64"">O-I103</td>
<td width=""231"">Issey Miyake (M)</td>
<td width=""185"">1/3oz</td>
</tr>
</tbody>
</table>","","publish","0","2020-09-12 10:10:00","1","open","O-I103","no","no","25","5","","0.33","","","","","visible","instock","no","yes","taxable","","","no","","","-1","-1","","","no","","","https://lvcultural.com/wp-content/uploads/2020/09/0008731_issey-miyake-m-type-13-oz.jpg","","simple","","Scented Oils","","","","","","1/3oz","0|1|0","","","","","","",""
"Michelle Obama (W)","michelle-obama-w-2","401","<table width=""480"">
<tbody>
<tr>
<td width=""64"">O-M343</td>
<td width=""231"">Michelle Obama (W)</td>
<td width=""185"">1/3oz</td>
</tr>
</tbody>
</table>","","publish","0","2020-09-12 10:12:00","1","open","O-M343","no","no","29","5","","0.33","","","","","visible","instock","no","yes","taxable","","","no","","","-1","-1","","","no","","","https://lvcultural.com/wp-content/uploads/2020/09/0012444_michelle-obama-w-13-oz.jpeg","","simple","","Scented Oils","","","","","","1/3oz","0|1|0","","","","","","",""
"Azzaro: Wanted (M)","azzaro-wanted-m-2","402","<table width=""480"">
<tbody>
<tr>
<td width=""64"">O-A763</td>
<td width=""231"">Azzaro: Wanted (M)</td>
<td width=""185"">1/3oz</td>
</tr>
</tbody>
</table>","","publish","0","2020-09-12 10:13:00","1","open","O-A763","no","no","30","5","","0.33","","","","","visible","instock","no","yes","taxable","","","no","","","-1","-1","","","no","","","https://lvcultural.com/wp-content/uploads/2020/09/0011801_0011801_0.jpg","","simple","","Scented Oils","","","","","","1/3oz","0|1|0","","","","","","",""
"Asian White Tea","asian-white-tea-2","403","<table width=""480"">
<tbody>
<tr>
<td width=""64"">O-A843</td>
<td width=""231"">Asian White Tea</td>
<td width=""185"">1/3oz</td>
</tr>
</tbody>
</table>","","publish","0","2020-09-12 10:13:00","1","open","O-A843","no","no","17","5","","0.33","","","","","visible","instock","no","yes","taxable","","","no","","","-1","-1","","","no","","","https://lvcultural.com/wp-content/uploads/2020/09/0033757_0033757_0_96492484-6ea5-434f-b2a6-79d20ed685c9_1024x1024.jpg","","simple","","Scented Oils","","","","","","1/3oz","0|1|0","","","","","","",""
"Beyonce:Shimmering Heat (W)","beyonceshimmering-heat-w-2","404","<table width=""480"">
<tbody>
<tr>
<td width=""64"">O-B083</td>
<td width=""231"">Beyonce:Shimmering Heat (W)</td>
<td width=""185"">1/3oz</td>
</tr>
</tbody>
</table>","","publish","0","2020-09-12 10:14:00","1","open","O-B083","no","no","16","5","","0.33","","","","","visible","instock","no","yes","taxable","","","no","","","-1","-1","","","no","","","https://lvcultural.com/wp-content/uploads/2020/09/0017749_beyonce-shimmering-heat-w-13-oz.jpg","","simple","","Scented Oils","","","","","","1/3oz","0|1|0","","","","","","",""
"Black Ice (M)","black-ice-m-2","405","<table width=""480"">
<tbody>
<tr>
<td width=""64"">O-B143</td>
<td width=""231"">Black Ice (M)</td>
<td width=""185"">1/3oz</td>
</tr>
</tbody>
</table>","","publish","0","2020-09-12 10:15:00","1","open","O-B143","no","no","12","5","","0.33","","","","","visible","instock","no","yes","taxable","","","no","","","-1","-1","","","no","","","https://lvcultural.com/wp-content/uploads/2020/09/0017643_black-ice-m-type-13-oz.jpeg","","simple","","Scented Oils","","","","","","1/3oz","0|1|0","","","","","","",""
"Black Code(M)","black-codem-2","406","<table width=""480"">
<tbody>
<tr>
<td width=""64"">O-B343</td>
<td width=""231"">Black Code(M)</td>
<td width=""185"">1/3oz</td>
</tr>
</tbody>
</table>","","publish","0","2020-09-12 10:16:00","1","open","O-B343","no","no","19","5","","0.33","","","","","visible","instock","no","yes","taxable","","","no","","","-1","-1","","","no","","","https://lvcultural.com/wp-content/uploads/2020/09/0017260_black-code-m-armani-type-13-oz_600.jpeg","","simple","","Scented Oils","","","","","","1/3oz","0|1|0","","","","","","",""
"Black Woman(W)","black-womanw-2","407","<table width=""480"">
<tbody>
<tr>
<td width=""64"">O-B513</td>
<td width=""231"">Black Woman(W)</td>
<td width=""185"">1/3oz</td>
</tr>
</tbody>
</table>","","publish","0","2020-09-12 10:17:00","1","open","O-B513","no","no","18","5","","0.33","","","","","visible","instock","no","yes","taxable","","","no","","","-1","-1","","","no","","","https://lvcultural.com/wp-content/uploads/2020/09/0007531_black-woman-w-13-oz.jpg","","simple","","Scented Oils","","","","","","1/3oz","0|1|0","","","","","","",""
"Baby Phat: Dare Me (W)","baby-phat-dare-me-w-2","408","<table width=""480"">
<tbody>
<tr>
<td width=""64"">O-B573</td>
<td width=""231"">Baby Phat: Dare Me (W)</td>
<td width=""185"">1/3oz</td>
</tr>
</tbody>
</table>","","publish","0","2020-09-12 10:18:00","1","open","O-B573","no","no","17","5","","0.33","","","","","visible","instock","no","yes","taxable","","","no","","","-1","-1","","","no","","","https://lvcultural.com/wp-content/uploads/2020/09/0007551_0007551_0.jpg","","simple","","Scented Oils","","","","","","1/3oz","0|1|0","","","","","","",""
"Beyonce:Rise (W) Type","beyoncerise-w","409","<table width=""480"">
<tbody>
<tr>
<td width=""64"">O-B913</td>
<td width=""231"">Beyonce:Rise (W) Type</td>
<td width=""185"">1/3oz</td>
</tr>
</tbody>
</table>","","publish","0","2020-09-12 10:18:00","1","open","","no","no","13","5","","0.33","","","","","visible","instock","no","yes","taxable","","","no","","","-1","-1","","","no","","","https://lvcultural.com/wp-content/uploads/2020/09/0036650_beyonce-rise-w-type-13-oz-1.jpeg","","simple","","Scented Oils","","","","","","1/3oz","0|1|0","","","","","","",""
"Versace: Eros (M)","versace-eros-m-2","410","<table width=""480"">
<tbody>
<tr>
<td width=""64"">O-V513</td>
<td width=""231"">Versace: Eros (M)</td>
<td width=""185"">1/3oz</td>
</tr>
</tbody>
</table>","","publish","0","2020-09-12 10:19:00","1","open","O-V513","no","no","14","5","","0.33","","","","","visible","instock","no","yes","taxable","","","no","","","-1","-1","","","no","","","https://lvcultural.com/wp-content/uploads/2020/09/0010496_0010496_0.jpg","","simple","","Scented Oils","","","","","","1/3oz","0|1|0","","","","","","",""
"Natural Men tonic","natural-men-tonic-2","414","<table width=""480"">
<tbody>
<tr>
<td width=""64"">H-056</td>
<td width=""231"">Natural Men tonic</td>
<td width=""185"">8oz</td>
</tr>
</tbody>
</table>","","publish","0","2020-09-12 10:21:00","1","open","H-056","no","no","10","30","","8","","","","","visible","instock","no","yes","taxable","","","no","","","-1","-1","","","no","","","https://lvcultural.com/wp-content/uploads/2020/09/0044476_natural-men-tonic-8-oz.jpeg","","simple","","Personal Care","","","","","","8oz","0|1|0","","","","","","",""
"Organic Natural Men Tonic","organic-natural-men-tonic-2","415","<table width=""480"">
<tbody>
<tr>
<td width=""64"">M-P428</td>
<td width=""231"">Organic Natural Men Tonic</td>
<td width=""185"">16oz</td>
</tr>
</tbody>
</table>","","publish","0","2020-09-12 10:22:00","1","open","M-P428","no","no","12","36","","16","","","","","visible","instock","no","yes","taxable","","","no","","","-1","-1","","","no","","","https://lvcultural.com/wp-content/uploads/2020/09/0023451_organic-natural-men-tonic-16-oz.jpeg","","simple","","Personal Care","","","","","","16oz","0|1|0","","","","","","",""
"Black Seed Oil","black-seed-oil-2","416","<table width=""480"">
<tbody>
<tr>
<td width=""64"">M-266</td>
<td width=""231"">Black Seed Oil</td>
<td width=""185"">1oz</td>
</tr>
</tbody>
</table>","","publish","0","2020-09-12 10:22:00","1","open","M-266","no","no","13","6","","1","","","","","visible","instock","no","yes","taxable","","","no","","","-1","-1","","","no","","","https://lvcultural.com/wp-content/uploads/2020/09/0038787_black-seed-oil-1-oz.jpeg","","simple","","Personal Care","","","","","","1oz","0|1|0","","","","","","",""
"Pure Black Seed Oil","pure-black-seed-oil-2","417","<table width=""480"">
<tbody>
<tr>
<td width=""64"">M-P574</td>
<td width=""231"">Â Pure Black Seed Oil</td>
<td width=""185"">4oz</td>
</tr>
</tbody>
</table>","","publish","0","2020-09-12 10:23:00","1","open","M-P574","no","no","11","19","","4","","","","","visible","instock","no","yes","taxable","","","no","","","-1","-1","","","no","","","https://lvcultural.com/wp-content/uploads/2020/09/0044938_pure-black-seed-oil-4-oz.jpeg","","simple","","Personal Care","","","","","","4oz","0|1|0","","","","","","",""
"White Coconut Oil","white-coconut-oil-2","418","<table width=""480"">
<tbody>
<tr>
<td width=""64"">O-W241</td>
<td width=""231"">White Coconut Oil</td>
<td width=""185"">1oz</td>
</tr>
</tbody>
</table>","","publish","0","2020-09-12 10:24:00","1","open","O-W241","no","no","10","6","","1","","","","","visible","instock","no","yes","taxable","","","no","","","-1","-1","","","no","","","https://lvcultural.com/wp-content/uploads/2020/09/0038633_white-coconut-1-oz.jpeg","","simple","","Personal Care","","","","","","1oz","0|1|0","","","","","","",""
"African Hibiscus Tea","african-hibiscus-tea-2","422","<table width=""480"">
<tbody>
<tr>
<td width=""64"">M-488</td>
<td width=""231"">African Hibiscus Tea</td>
<td width=""185"">20bags</td>
</tr>
</tbody>
</table>","","publish","0","2020-09-12 10:26:00","1","open","M-488","no","no","12","9","","8","","","","","visible","instock","no","yes","taxable","","","no","","","-1","-1","","","no","","","https://lvcultural.com/wp-content/uploads/2020/09/0006173_0006173_0.jpg","","simple","","Personal Care","","","","","","20bags","0|1|0","","","","","","",""
"Chinese Antioxident Green Tea","chinese-antioxident-green-tea-2","423","<table width=""480"">
<tbody>
<tr>
<td width=""64"">M-490</td>
<td width=""231"">Chinese Antioxident Green Tea</td>
<td width=""185"">20 Bags</td>
</tr>
</tbody>
</table>","","publish","0","2020-09-12 10:26:00","1","open","M-490","no","no","15","9","","8","","","","","visible","instock","no","yes","taxable","","","no","","","-1","-1","","","no","","","https://lvcultural.com/wp-content/uploads/2020/09/0006175_chinese-antioxidizing-green-tea-20-bags.jpg","","simple","","Personal Care","","","","","","20 Bags","0|1|0","","","","","","",""
"Exotic Mango Nutritional Tea","exotic-mango-nutritional-tea-2","424","<table width=""480"">
<tbody>
<tr>
<td width=""64"">M-494</td>
<td width=""231"">Exotic Mango Nutritional Tea</td>
<td width=""185"">20 Bags</td>
</tr>
</tbody>
</table>","","publish","0","2020-09-12 10:27:00","1","open","M-494","no","no","19","9","","8","","","","","visible","instock","no","yes","taxable","","","no","","","-1","-1","","","no","","","https://lvcultural.com/wp-content/uploads/2020/09/0011841_exotic-mango-nutritional-tea-20-bag.jpeg","","simple","","Personal Care","","","","","","20 Bags","0|1|0","","","","","","",""
"Asian Lemongrass Medicinal Tea","asian-lemongrass-medicinal-tea-2","425","<table style=""height: 36px;"" width=""610"">
<tbody>
<tr>
<td width=""64"">M-492</td>
<td width=""231"">Asian Lemongrass Medicinal Tea</td>
<td width=""185"">20 Bags</td>
</tr>
</tbody>
</table>","","publish","0","2020-09-12 10:28:00","1","open","M-492","no","no","13","9","","8","","","","","visible","instock","no","yes","taxable","","","no","","","-1","-1","","","no","","","https://lvcultural.com/wp-content/uploads/2020/09/0006178_0006178_0.jpg","","simple","featured","Personal Care","","","","","","20 Bags","0|1|0","","","","","","",""
"African Red Bush Rooibos Tea","african-red-bush-rooibos-tea-2","426","<table width=""480"">
<tbody>
<tr>
<td width=""64"">M-480</td>
<td width=""231"">African Red Bush Rooibos Tea</td>
<td width=""185"">20bBags</td>
</tr>
</tbody>
</table>","","publish","0","2020-09-12 10:29:00","1","open","M-480","no","no","17","9","","8","","","","","visible","instock","no","yes","taxable","","","no","","","-1","-1","","","no","","","https://lvcultural.com/wp-content/uploads/2020/09/0006169_0006169_0.jpg","","simple","","Personal Care","","","","","","20bBags","0|1|0","","","","","","",""
"Tye-Dye Flower Dress","tye-dye-flower-dress-brown","437","<table style=""height: 38px;"" width=""562"">
<tbody>
<tr>
<td width=""64"">C-WH546</td>
<td width=""231"">Tye-Dye Flower Dress</td>
<td width=""185""></td>
</tr>
</tbody>
</table>","","publish","0","2020-09-12 10:34:00","1","open","C-WH546","no","no","10","15","","32","","","","","visible","instock","no","yes","taxable","","","no","","","-1","-1","","","no","","","https://lvcultural.com/wp-content/uploads/2020/09/0037196_tie-dye-flower-dress.jpg","","variable","","Clothing","","","","","","","","","Brown|Pink|Purple","0|1|1","","","",""
"Tye-Dye Sundress ( Red )","tye-dye-sundress-red","441","<table style=""height: 44px;"" width=""604"">
<tbody>
<tr>
<td width=""64"">C-WH811</td>
<td width=""231"">Tye-Dye Sundress</td>
<td width=""185"">Red</td>
</tr>
</tbody>
</table>","","publish","0","2020-09-12 10:37:00","1","open","C-WH811","no","no","12","15","","32","","","","","visible","instock","no","yes","taxable","","","no","","","-1","-1","","","no","","","https://lvcultural.com/wp-content/uploads/2020/09/0045423_tie-dye-sundress.jpg","","simple","featured","Clothing","","","","","","","","","","","","","",""
"Peacock Long Skirt","peacock-long-skirt-purple","454","<table style=""height: 48px;"" width=""578"">
<tbody>
<tr>
<td width=""64"">C-WF841</td>
<td width=""231"">Peacock Long Skirt</td>
<td width=""185""></td>
</tr>
</tbody>
</table>","","publish","0","2020-09-12 10:43:00","1","open","C-WF841","no","no","11","20","","32","","","","","visible","instock","no","yes","taxable","","","no","","","-1","-1","","","no","","","https://lvcultural.com/wp-content/uploads/2020/09/0003027_peacock-long-skirt.jpg","","variable","","Clothing","","","","","","","","","Purple|Yellow","0|1|1","","","",""
"Green Camo Sleeveless Dress","green-camo-sleeveless-dress-2","456","<table style=""height: 57px;"" width=""418"">
<tbody>
<tr>
<td width=""64"">C-WH356</td>
<td width=""231"">Green Camo Sleeveless Dress</td>
</tr>
</tbody>
</table>","","publish","0","2020-09-12 10:44:00","1","open","C-WH356","no","no","16","20","","32","","","","","visible","instock","no","yes","taxable","","","no","","","-1","-1","","","no","","","https://lvcultural.com/wp-content/uploads/2020/09/0021471_green-camo-sleeveless-dress.jpg","","simple","","Clothing","","","","","","","","","","","","","",""
"African Royalty Print Dress","african-royalty-print-dress-2","457","<table style=""height: 58px;"" width=""406"">
<tbody>
<tr>
<td width=""64"">C-WH474</td>
<td width=""231"">African Royalty Print Dress</td>
</tr>
</tbody>
</table>","","publish","0","2020-09-12 10:45:00","1","open","C-WH474","no","no","15","25","","32","","","","","visible","instock","no","yes","taxable","","","no","","","-1","-1","","","no","","","https://lvcultural.com/wp-content/uploads/2020/09/0034885_african-royalty-print-dress.jpeg","","simple","","Clothing","","","","","","","","","","","","","",""
"Black Denim Long Skirt","black-denim-long-skirt-lg","458","<table style=""height: 47px;"" width=""613"">
<tbody>
<tr>
<td width=""64"">C-WH590</td>
<td width=""231"">Black Denim Long Skirt</td>
<td width=""185""></td>
</tr>
</tbody>
</table>","","publish","0","2020-09-12 10:46:00","1","open","C-WH590","no","no","18","20","","32","","","","","visible","instock","no","yes","taxable","","","no","","","-1","-1","","","no","","","https://lvcultural.com/wp-content/uploads/2020/09/0039722_black-denim-long-skirt.jpg","","variable","featured","Clothing","","","","","","","","","","","","LG|XL","0|1|1",""
"Majestic Cheeta Print Kaftan","majestic-cheeta-print-kaftan-purple","462","<table style=""height: 68px;"" width=""759"">
<tbody>
<tr>
<td width=""64"">C-WH706</td>
<td width=""231"">Majestic Cheeta Print Kaftan</td>
<td width=""185""></td>
</tr>
</tbody>
</table>","","publish","0","2020-09-12 10:49:00","1","open","C-WH706","no","no","14","25","","32","","","","","visible","instock","no","yes","taxable","","","no","","","-1","-1","","","no","","","https://lvcultural.com/wp-content/uploads/2020/09/0043108_majestic-cheetah-print-kaftan.jpg","","variable","","Clothing","","","","","","","","","Blue|Gray|Purple","0|1|1","","","",""
"Men's Luxury Pant Set ( White/ Free Size )","mens-luxury-pant-set-white-free-size","465","<table width=""480"">
<tbody>
<tr>
<td width=""64"">C-M051</td>
<td width=""231"">Men's Luxury Pant Set</td>
<td width=""185"">White/ Free Size</td>
</tr>
</tbody>
</table>","","publish","0","2020-09-12 10:52:00","1","open","C-M051","no","no","8","10","","32","","","","","visible","instock","no","yes","taxable","","","no","","","-1","-1","","","no","","","https://lvcultural.com/wp-content/uploads/2020/09/0040981_mens-luxury-pant-set.jpeg","","simple","","Clothing","","","","","","","","","","","","","",""
"Senegal-Made Traad. Dashiki ( Black )","senegal-made-traad-dashiki-black","467","<table width=""480"">
<tbody>
<tr>
<td width=""64"">C-U165</td>
<td width=""231"">Senegal-Made Traad. Dashiki</td>
<td width=""185"">Black</td>
</tr>
</tbody>
</table>","","publish","0","2020-09-12 10:53:00","1","open","C-U165","no","no","14","30","","32","","","","","visible","instock","no","yes","taxable","","","no","","","-1","-1","","","no","","","https://lvcultural.com/wp-content/uploads/2020/09/0001986_senegal-made-traditional-print-dashiki.jpg","","simple","","Clothing","","","","","","","","","","","","","",""
"King-sized Dashiki ( Black/ 1x )","king-sized-dashiki-black-1x","468","<table width=""480"">
<tbody>
<tr>
<td width=""64"">C-U932</td>
<td width=""231"">King-sized Dashiki</td>
<td width=""185"">Black/ 1x</td>
</tr>
</tbody>
</table>","","publish","0","2020-09-12 10:54:00","1","open","C-U932","no","no","11","39","","32","","","","","visible","instock","no","yes","taxable","","","no","","","-1","-1","","","no","","","https://lvcultural.com/wp-content/uploads/2020/09/0002255_king-sized-traditional-dashiki.jpg","","simple","","Clothing","","","","","","","","","","","","","",""
"Trad. Strech-Top Princess Dress ( Black )","trad-strech-top-princess-dress-black","470","<table style=""height: 34px;"" width=""597"">
<tbody>
<tr>
<td width=""64"">C-W132</td>
<td width=""231"">Trad. Strech-Top Princess Dress</td>
<td width=""185"">Black</td>
</tr>
</tbody>
</table>","","publish","0","2020-09-12 10:56:00","1","open","C-W132","no","no","18","45","","32","","","","","visible","instock","no","yes","taxable","","","no","","","-1","-1","","","no","","","https://lvcultural.com/wp-content/uploads/2020/09/0035160_trad-print-stretch-top-princess-dress.jpg","","simple","","Clothing","","","","","","","","","","","","","",""
"African Print Umbrella Dress","african-print-umbrella-dress-2","471","<table style=""height: 32px;"" width=""394"">
<tbody>
<tr>
<td width=""64"">C-WH828S</td>
<td width=""231"">African Print Umbrella Dress</td>
</tr>
</tbody>
</table>","","publish","0","2020-09-12 10:57:00","1","open","C-WH828S","no","no","","25","","32","","","","","visible","instock","no","no","taxable","","","no","","","-1","-1","","","no","","","https://lvcultural.com/wp-content/uploads/2020/09/0046384_set-of-2-african-print-umbrella-dresses.jpeg","","simple","","Clothing","","","","","","","","","","","","","",""
"African Print Bloomer Jumpsuit ( One size )","african-print-bloomer-jumpsuit-one-size","476","<table style=""height: 57px;"" width=""569"">
<tbody>
<tr>
<td width=""64"">C-WH814</td>
<td width=""231"">African Print Bloomer Jumpsuit</td>
<td width=""185"">One size</td>
</tr>
</tbody>
</table>","","publish","0","2020-09-12 11:01:00","1","open","C-WH814","no","no","13","25","","32","","","","","visible","instock","no","yes","taxable","","","no","","","-1","-1","","","no","","","https://lvcultural.com/wp-content/uploads/2020/09/0045594_african-print-bloomer-jumpsuit.jpg","","simple","","Clothing","","","","","","","","","","","","","",""
"Trad. Print Summer Party Dress ( One Size ) 15 / ECH","trad-print-summer-party-dress-one-size-15-ech","477","<table style=""height: 59px;"" width=""566"">
<tbody>
<tr>
<td width=""64"">C-WH823S</td>
<td width=""231"">Trad. Print Summer Party Dress</td>
<td width=""185"">One Size</td>
</tr>
</tbody>
</table>","","publish","0","2020-09-12 11:03:00","1","open","C-WH823S","no","no","17","15","","32","","","","","visible","instock","no","yes","taxable","","","no","","","-1","-1","","","no","","","https://lvcultural.com/wp-content/uploads/2020/09/0046436_set-of-3-trad-print-summer-party-dresses.jpeg","","simple","","Clothing","","","","","","","","","","","","","",""
"Top Selling Essential Oils","top-selling-essential-oils-2","478","<table style=""height: 61px;"" width=""634"">
<tbody>
<tr>
<td width=""64"">O-SE6TopEss</td>
<td width=""231"">Top Selling Essential Oils</td>
<td width=""185"">1/2 oz</td>
</tr>
</tbody>
</table>","","publish","0","2020-09-12 11:04:00","1","open","O-SE6TopEss","no","no","11","7","","0.5","","","","","visible","instock","no","yes","taxable","","","no","","","-1","-1","","","no","","","https://lvcultural.com/wp-content/uploads/2020/09/0010203_0010203_0.jpg","","simple","","Essential Oils","","","","","","1/2 oz","0|1|0","","","","","","",""
"Lemongrass Essential Oil","lemongrass-essential-oil-2","479","<table style=""height: 41px;"" width=""557"">
<tbody>
<tr>
<td width=""64"">O-L193-E</td>
<td width=""231"">Lemongrass Essential Oil</td>
<td width=""185"">1/3oz</td>
</tr>
</tbody>
</table>","","publish","0","2020-09-12 11:05:00","1","open","O-L193-E","no","no","12","7","","0.33","","","","","visible","instock","no","yes","taxable","","","no","","","-1","-1","","","no","","","https://lvcultural.com/wp-content/uploads/2020/09/0034094_lemongrass-essential-oil-13-oz.jpeg","","simple","","Essential Oils","","","","","","1/3oz","0|1|0","","","","","","",""
"Lavender Essential Oil","lavender-essential-oil-2","480","<table style=""height: 39px;"" width=""539"">
<tbody>
<tr>
<td width=""85"">O-L183-E</td>
<td width=""231"">Lavender Essential Oil</td>
<td width=""185"">1/3oz</td>
</tr>
</tbody>
</table>","","publish","0","2020-09-12 11:06:00","1","open","O-L183-E","no","no","14","7","","0.33","","","","","visible","instock","no","yes","taxable","","","no","","","-1","-1","","","no","","","https://lvcultural.com/wp-content/uploads/2020/09/0034093_lavender-essential-oil-13-oz.jpeg","","simple","","Essential Oils","","","","","","1/3oz","0|1|0","","","","","","",""
"Rosemary Essential Oil","rosemary-essential-oil-2","481","<table width=""501"">
<tbody>
<tr>
<td width=""85"">O-R363-E</td>
<td width=""231"">Rosemary Essential Oil</td>
<td width=""185"">1/3oz</td>
</tr>
</tbody>
</table>","","publish","0","2020-09-12 11:07:00","1","open","O-R363-E","no","no","12","7","","0.33","","","","","visible","instock","no","yes","taxable","","","no","","","-1","-1","","","no","","","https://lvcultural.com/wp-content/uploads/2020/09/0034105_rosemary-essential-oil-13-oz.jpeg","","simple","","Essential Oils","","","","","","1/3oz","0|1|0","","","","","","",""
"Eucalyptus Essential Oil","eucalyptus-essential-oil-2","482","<table width=""501"">
<tbody>
<tr>
<td width=""85"">O-E203-E</td>
<td width=""231"">Eucalyptus Essential Oil</td>
<td width=""185"">1/3oz</td>
</tr>
</tbody>
</table>","","publish","0","2020-09-12 11:08:00","1","open","","no","no","19","7","","0.33","","","","","visible","instock","no","yes","taxable","","","no","","","-1","-1","","","no","","","https://lvcultural.com/wp-content/uploads/2020/09/0034091_eucalyptus-essential-oil-13-oz.jpeg","","simple","","Essential Oils","","","","","","1/3oz","0|1|0","","","","","","",""
"Frankincense Essential Oil","frankincense-essential-oil-2","483","<table width=""501"">
<tbody>
<tr>
<td width=""85"">O-F333-F</td>
<td width=""231"">Frankincense Essential Oil</td>
<td width=""185"">1/3oz</td>
</tr>
</tbody>
</table>","","publish","0","2020-09-12 11:09:00","1","open","","no","no","12","7","","0.33","","","","","visible","instock","no","yes","taxable","","","no","","","-1","-1","","","no","","","","","simple","","Essential Oils","","","","","","1/3oz","0|1|0","","","","","","",""
"Turmeric Essential Oil","turmeric-essential-oil-2","486","<table width=""501"">
<tbody>
<tr>
<td width=""85"">O-T591-E</td>
<td width=""231"">Turmeric Essential Oil</td>
<td width=""185"">1oz</td>
</tr>
</tbody>
</table>","","publish","0","2020-09-12 11:12:00","1","open","O-T591-E","no","no","12","13","","1","","","","","visible","instock","no","yes","taxable","","","no","","","-1","-1","","","no","","","https://lvcultural.com/wp-content/uploads/2020/09/0023214_turmeric-essential-oil-1-oz.jpg","","simple","","Essential Oils","","","","","","1oz","0|1|0","","","","","","",""
"Sage Essential Oil","sage-essential-oil-2","487","<table width=""501"">
<tbody>
<tr>
<td width=""85"">O-S741-E</td>
<td width=""231"">Sage Essential Oil</td>
<td width=""185"">1oz</td>
</tr>
</tbody>
</table>","","publish","0","2020-09-12 11:12:00","1","open","O-S741-E","no","no","11","19","","1","","","","","visible","instock","no","yes","taxable","","","no","","","-1","-1","","","no","","","https://lvcultural.com/wp-content/uploads/2020/09/0016142_sage-essential-oil-1-oz.jpg","","simple","","Essential Oils","","","","","","1oz","0|1|0","","","","","","",""
"Organic Black Seed Bitters","organic-black-seed-bitters-2","488","<table width=""501"">
<tbody>
<tr>
<td width=""85"">H-073</td>
<td width=""231"">Organic Black Seed Bitters</td>
<td width=""185"">8oz</td>
</tr>
</tbody>
</table>","","publish","0","2020-09-12 11:14:00","1","open","H-073","no","no","11","26","","8","","","","","visible","instock","no","yes","taxable","","","no","","","-1","-1","","","no","","","https://lvcultural.com/wp-content/uploads/2020/09/0045849_organic-black-seed-bitters-8-oz.jpeg","","simple","","Bitters","","","","","","8oz","0|1|0","","","","","","",""
"Black Seed Bitters Detox Beverage","black-seed-bitters-detox-beverage-2","489","<table style=""height: 45px;"" width=""568"">
<tbody>
<tr>
<td width=""85"">H-054</td>
<td width=""231"">Black Seed Bitters Detox Beverage</td>
<td width=""185"">8oz</td>
</tr>
</tbody>
</table>","","publish","0","2020-09-12 11:15:00","1","open","H-054","no","no","7","36","","8","","","","","visible","instock","no","yes","taxable","","","no","","","-1","-1","","","no","","","https://lvcultural.com/wp-content/uploads/2020/09/Black-Seed-Bitters-Detox-Beverage-8oz.jpg","","simple","","Bitters","","","","","","8oz","0|1|0","","","","","","",""
"Herbonganic Black Seed Bitters","herbonganic-black-seed-bitters-2","490","<table width=""501"">
<tbody>
<tr>
<td width=""85"">H-034</td>
<td width=""231"">Herbonganic Black Seed Bitters</td>
<td width=""185"">16oz</td>
</tr>
</tbody>
</table>","","publish","0","2020-09-12 11:16:00","1","open","H-034","no","no","10","32","","16","","","","","visible","instock","no","yes","taxable","","","no","","","-1","-1","","","no","","","https://lvcultural.com/wp-content/uploads/2020/09/0038786_herboganic-black-seed-bitters-16-oz.jpeg","","simple","","Bitters","","","","","","16oz","0|1|0","","","","","","",""
"Soursop Bitters","soursop-bitters-2","491","<table width=""501"">
<tbody>
<tr>
<td width=""85"">H-058</td>
<td width=""231"">Soursop Bitters</td>
<td width=""185"">8oz</td>
</tr>
</tbody>
</table>","","publish","0","2020-09-12 11:17:00","1","open","H-058","no","no","10","29","","8","","","","","visible","instock","no","yes","taxable","","","no","","","-1","-1","","","no","","","https://lvcultural.com/wp-content/uploads/2020/09/0044483_soursop-bitters-8-oz_a290e87b-af15-4bae-bf7b-106851778fc7_1024x1024.jpg","","simple","","Bitters","","","","","","8oz","0|1|0","","","","","","",""
"Organic Moringa Detox Bitters","organic-moringa-detox-bitters-2","492","<table width=""501"">
<tbody>
<tr>
<td width=""85"">H-053</td>
<td width=""231"">Organic Moringa Detox Bitters</td>
<td width=""185"">8oz</td>
</tr>
</tbody>
</table>","","publish","0","2020-09-12 11:17:00","1","open","H-053","no","no","12","23","","8","","","","","visible","instock","no","yes","taxable","","","no","","","-1","-1","","","no","","","https://lvcultural.com/wp-content/uploads/2020/09/0044384_organic-moringa-detox-bitters-8-oz.jpeg","","simple","","Bitters","","","","","","8oz","0|1|0","","","","","","",""
"AIH Soursop Living Bitters","aih-soursop-living-bitters-2","493","<table width=""501"">
<tbody>
<tr>
<td width=""85"">H-057</td>
<td width=""231"">AIH Soursop Living Bitters</td>
<td width=""185"">8oz</td>
</tr>
</tbody>
</table>","","publish","0","2020-09-12 11:18:00","1","open","H-057","no","no","10","20","","8","","","","","visible","instock","no","yes","taxable","","","no","","","-1","-1","","","no","","","https://lvcultural.com/wp-content/uploads/2020/09/0044512_aih-soursop-bitters-8-oz.jpg","","simple","","Bitters","","","","","","8oz","0|1|0","","","","","","",""
"Shea Butter Vanilla Ylang Ylang","shea-butter-vanilla-ylang-ylang-2","494","<table style=""height: 43px;"" width=""680"">
<tbody>
<tr>
<td width=""85"">M-P913</td>
<td width=""231"">Shea Butter Vanilla Ylang Ylang</td>
<td width=""185"">1oz</td>
</tr>
</tbody>
</table>","","publish","0","2020-09-12 11:20:00","1","open","M-P913","no","no","15","3.99","","1","","","","","visible","instock","no","yes","taxable","","","no","","","-1","-1","","","no","","","https://lvcultural.com/wp-content/uploads/2020/09/0006804_0006804_0.jpg","","simple","","Butters","","","","","","1oz","0|1|0","","","","","","",""
"Shea Butter Black Cherry","shea-butter-black-cherry-2","495","<table width=""501"">
<tbody>
<tr>
<td width=""85"">M-P930</td>
<td width=""231"">Shea Butter Black Cherry</td>
<td width=""185"">1oz</td>
</tr>
</tbody>
</table>","","publish","0","2020-09-12 11:20:00","1","open","M-P930","no","no","15","3.99","","1","","","","","visible","instock","no","yes","taxable","","","no","","","-1","-1","","","no","","","https://lvcultural.com/wp-content/uploads/2020/09/0006818_0006818_0.jpg","","simple","","Butters","","","","","","1oz","0|1|0","","","","","","",""
"100% Natural Shea Butter-Yellow","100-natural-shea-butter-yellow-2","496","<table style=""height: 55px;"" width=""599"">
<tbody>
<tr>
<td width=""85"">M-185</td>
<td width=""231"">100% Natural Shea Butter-Yellow</td>
<td width=""185"">7oz</td>
</tr>
</tbody>
</table>","","publish","0","2020-09-12 11:21:00","1","open","M-185","no","no","12","12","","7","","","","","visible","instock","no","yes","taxable","","","no","","","-1","-1","","","no","","","https://lvcultural.com/wp-content/uploads/2020/09/0006028_100-natural-african-shea-butter-7-oz.jpg","","simple","","Butters","","","","","","7oz","0|1|0","","","","","","",""
"Healing SheaMango Butter","healing-sheamango-butter-2","497","<table width=""501"">
<tbody>
<tr>
<td width=""85"">M-372</td>
<td width=""231"">Healing SheaMango Butter</td>
<td width=""185"">4oz</td>
</tr>
</tbody>
</table>","","publish","0","2020-09-12 11:22:00","1","open","M-372","no","no","10","12","","4","","","","","visible","instock","no","yes","taxable","","","no","","","-1","-1","","","no","","","https://lvcultural.com/wp-content/uploads/2020/09/0006160_0006160_0.jpg","","simple","","Butters","","","","","","4oz","0|1|0","","","","","","",""
"Moringa Butter","moringa-butter-2","498","<table width=""501"">
<tbody>
<tr>
<td width=""85"">M-P538</td>
<td width=""231"">Moringa Butter</td>
<td width=""185"">4oz</td>
</tr>
</tbody>
</table>","","publish","0","2020-09-12 11:23:00","1","open","M-P538","no","no","12","12","","4","","","","","visible","instock","no","yes","taxable","","","no","","","-1","-1","","","no","","","https://lvcultural.com/wp-content/uploads/2020/09/0042456_moringa-butter-4-oz.jpeg","","simple","","Butters","","","","","","4oz","0|1|0","","","","","","",""
"Lavender Butter","lavender-butter-2","499","<table width=""501"">
<tbody>
<tr>
<td width=""85"">M-P537</td>
<td width=""231"">Lavender Butter</td>
<td width=""185"">4oz</td>
</tr>
</tbody>
</table>","","publish","0","2020-09-12 11:24:00","1","open","M-P537","no","no","14","12","","4","","","","","visible","instock","no","yes","taxable","","","no","","","-1","-1","","","no","","","https://lvcultural.com/wp-content/uploads/2020/09/0042343_lavender-butter-4-oz.jpeg","","simple","","Butters","","","","","","4oz","0|1|0","","","","","","",""
"Raw Mango Butter","raw-mango-butter-2","500","<table width=""501"">
<tbody>
<tr>
<td width=""85"">M-242</td>
<td width=""231"">Raw Mango Butter</td>
<td width=""185"">Sm</td>
</tr>
</tbody>
</table>","","publish","0","2020-09-12 11:24:00","1","open","M-242","no","no","12","13","","5","","","","","visible","instock","no","yes","taxable","","","no","","","-1","-1","","","no","","","https://lvcultural.com/wp-content/uploads/2020/09/0006097_raw-mango-butter-small-8oz-container.jpg","","simple","","Butters","","","","","","Sm","0|1|0","","","","","","",""
"Refined Mango Butter","refined-mango-butter-2","501","<table width=""501"">
<tbody>
<tr>
<td width=""85"">M-240</td>
<td width=""231"">Refined Mango Butter</td>
<td width=""185"">4oz</td>
</tr>
</tbody>
</table>","","publish","0","2020-09-12 11:25:00","1","open","M-240","no","no","13","12","","4","","","","","visible","instock","no","yes","taxable","","","no","","","-1","-1","","","no","","","https://lvcultural.com/wp-content/uploads/2020/09/0006095_mango-butter-4-oz.jpg","","simple","","Butters","","","","","","4oz","0|1|0","","","","","","",""
"Olive Butter","olive-butter-2","502","<table width=""501"">
<tbody>
<tr>
<td width=""85"">M-238</td>
<td width=""231"">Olive Butter</td>
<td width=""185"">4oz</td>
</tr>
</tbody>
</table>","","publish","0","2020-09-12 11:26:00","1","open","M-238","no","no","14","12","","4","","","","","visible","instock","no","yes","taxable","","","no","","","-1","-1","","","no","","","https://lvcultural.com/wp-content/uploads/2020/09/0014747_olive-butter-4-oz.jpeg","","simple","","Butters","","","","","","4oz","0|1|0","","","","","","",""
"Cocoa Butter","cocoa-butter-2","503","<table width=""501"">
<tbody>
<tr>
<td width=""85"">M-245</td>
<td width=""231"">Cocoa Butter</td>
<td width=""185"">4oz</td>
</tr>
</tbody>
</table>","","publish","0","2020-09-12 11:27:00","1","open","M-245","no","no","13","12","","4","","","","","visible","instock","no","yes","taxable","","","no","","","-1","-1","","","no","","","https://lvcultural.com/wp-content/uploads/2020/09/0006103_cocoa-butter-4-oz.jpg","","simple","","Butters","","","","","","4oz","0|1|0","","","","","","",""
"Avocado Butter","avocado-butter-2","504","<table width=""501"">
<tbody>
<tr>
<td width=""85"">M-350</td>
<td width=""231"">Avocado Butter</td>
<td width=""185"">4oz</td>
</tr>
</tbody>
</table>","","publish","0","2020-09-12 11:28:00","1","open","M-350","no","no","12","12","","4","","","","","visible","instock","no","yes","taxable","","","no","","","-1","-1","","","no","","","https://lvcultural.com/wp-content/uploads/2020/09/0006147_avocado-butter-4-oz.jpg","","simple","","Butters|newarrive","","","","","","4oz","0|1|0","","","","","","",""
